Brand Name,Annualized Trips,Active Locations,Total Locations,% Franchised,Avg. Basket Size,Marketplace Fee,%Orders from First Time Eaters,Order Defect Rate,Avg. Courier Wait Time (min),Type,Rev / Order (Helper),Volume Score,Wait Time Score,Defect Score,Quality Score Total,Econ Score,Total Score,Rank,Tier,Current Rev,Target Fee,Fee Change,New Trips ,New Rev / Order,New Revenue,Revenue Delta
Original Tommy's Hamburgers,"1,068,012",482,753,69%,$16.80,25%,4.68%,2.89%,7,Enterprise,$4.20,35,12,1,13,5,54,87,B,"$4,485,650",27%,2.00%,"1,014,611",$5,"$4,602,277","$116,627"
Baja Fresh Mexican Grill,"1,018,080",556,783,96%,$18.50,17%,6.52%,2.71%,4,Enterprise,$3.15,35,17,2,19,1,54,82,B,"$3,201,862",19%,2.00%,"967,176",$4,"$3,399,624","$197,762"
Little Greek,"775,008",388,668,23%,$22.40,30%,7.36%,2.97%,45,Enterprise,$6.72,35,0,1,1,28,63,42,A,"$5,208,054",30%,-0.50%,"852,509",$7,"$5,633,378","$425,324"
Tocaya Organica,"264,384",299,320,56%,$26.00,28%,4.80%,2.92%,21,Enterprise,$7.28,34,3,1,4,30,69,23,A,"$1,924,716",28%,-0.50%,"290,822",$7,"$2,079,380","$154,665"
Freshii,"238,560",82,191,22%,$21.70,25%,4.52%,1.80%,5,Enterprise,$5.43,34,15,6,22,18,74,9,S,"$1,294,188",23%,-2.00%,"286,272",$5,"$1,428,784","$134,596"
Carl's Jr. Restaurants,"226,872",53,58,76%,$16.60,26%,4.12%,1.61%,5,Enterprise,$4.32,34,15,8,23,6,63,44,A,"$979,180",26%,-0.50%,"249,559",$4,"$1,056,384","$77,205"
Pita Pit,"224,136",42,86,27%,$16.00,30%,7.00%,1.67%,14,Enterprise,$4.80,34,6,7,14,11,58,60,B,"$1,075,853",30%,0.00%,"212,929",$5,"$1,022,060","-$53,793"
Cici's Enterprises,"221,760",72,300,37%,$15.10,24%,6.04%,1.48%,28,Enterprise,$3.62,34,2,9,10,2,46,130,B,"$803,658",26%,2.00%,"210,672",$4,"$827,098","$23,440"
Gus's World Famous Fried Chicken,"216,372",93,930,55%,$19.80,26%,8.92%,1.40%,13,Enterprise,$5.15,34,7,10,17,15,65,35,A,"$1,113,883",26%,-0.50%,"238,009",$5,"$1,201,708","$87,825"
The Buffalo Spot,"215,280",41,216,93%,$17.40,25%,7.56%,1.43%,37,Enterprise,$4.35,33,1,9,10,7,50,107,B,"$936,468",27%,2.00%,"204,516",$5,"$960,816","$24,348"
Wings Over,"211,200",38,46,68%,$21.40,24%,3.36%,1.38%,3,Enterprise,$5.14,33,18,10,28,14,76,7,S,"$1,084,723",22%,-2.00%,"253,440",$5,"$1,193,196","$108,472"
Bed-Stuy Fish Fry,"209,760",98,184,59%,$25.40,30%,8.68%,3.16%,34,Enterprise,$7.62,33,1,0,2,32,66,31,A,"$1,598,371",30%,-0.50%,"230,736",$7,"$1,728,905","$130,534"
Shari's Cafe & Pies,"209,088",42,86,99%,$20.60,29%,3.68%,3.44%,10,Enterprise,$5.97,33,9,0,9,23,65,36,A,"$1,249,092",29%,-0.50%,"229,997",$6,"$1,350,311","$101,220"
Romano's Macaroni Grill,"209,040",41,103,28%,$34.40,25%,13.28%,3.20%,24,Enterprise,$8.60,33,2,0,3,34,69,21,A,"$1,797,744",25%,-0.50%,"229,944",$8,"$1,937,968","$140,224"
Village Inn,"183,120",65,73,46%,$20.20,27%,9.12%,3.30%,20,Enterprise,$5.45,33,4,0,4,18,55,78,B,"$998,736",29%,2.00%,"173,964",$6,"$1,019,081","$20,345"
Gong Cha,"173,052",51,204,84%,$13.70,30%,6.92%,1.43%,18,Enterprise,$4.11,32,4,9,13,5,50,102,B,"$711,244",30%,0.00%,"164,399",$4,"$675,682","-$35,562"
Papa John's,"170,448",43,74,49%,$21.60,30%,9.00%,2.37%,25,Enterprise,$6.48,32,2,3,6,26,63,43,A,"$1,104,503",30%,-0.50%,"187,493",$6,"$1,194,704","$90,201"
Manny & Olga's Pizza,"165,396",143,318,56%,$21.70,30%,5.12%,2.48%,17,Enterprise,$6.51,32,5,3,7,26,65,34,A,"$1,076,728",30%,-0.50%,"181,936",$6,"$1,164,661","$87,933"
Corporate Management Group,"161,568",90,126,35%,$22.10,23%,8.64%,2.39%,5,Enterprise,$5.08,32,15,3,19,13,64,40,A,"$821,250",23%,-0.50%,"177,725",$5,"$883,737","$62,486"
J. Christopher's,"155,220",40,80,95%,$17.90,26%,3.12%,2.30%,6,Enterprise,$4.65,32,14,4,18,9,59,55,B,"$722,394",28%,2.00%,"147,459",$5,"$739,065","$16,671"
First Watch,"149,760",37,58,28%,$22.00,30%,8.36%,2.17%,9,Enterprise,$6.60,31,10,5,15,26,72,12,A,"$988,416",30%,-0.50%,"164,736",$6,"$1,069,137","$80,721"
Fatburger,"148,800",190,1188,40%,$19.80,26%,4.56%,2.29%,8,Enterprise,$5.15,31,12,4,15,15,61,50,A,"$766,022",26%,-0.50%,"163,680",$5,"$826,420","$60,398"
JINYA Ramen Bar,"145,392",27,34,34%,$26.40,26%,8.48%,2.30%,9,Enterprise,$6.86,31,10,4,14,28,73,10,S,"$997,971",24%,-2.00%,"174,470",$6,"$1,105,444","$107,474"
Chipotle,"138,528",27,38,47%,$16.20,22%,8.32%,2.25%,5,Enterprise,$3.56,31,15,4,20,2,52,95,B,"$493,714",24%,2.00%,"131,602",$4,"$511,667","$17,953"
"Five Guys Enterprises, LLC","134,400",19,51,59%,$18.00,30%,8.60%,3.26%,55,SMB,$5.40,31,0,0,0,17,48,114,B,"$725,760",30%,0.00%,"127,680",$5,"$689,472","-$36,288"
Los Amigos Taqueria,"132,432",33,79,76%,$16.40,24%,9.08%,3.25%,3,Enterprise,$3.94,31,18,0,18,4,52,92,B,"$521,252",26%,2.00%,"125,810",$4,"$536,456","$15,203"
Los Verdes,"130,464",86,112,14%,$19.10,30%,4.48%,3.35%,14,Enterprise,$5.73,30,6,0,7,21,58,61,B,"$747,559",30%,0.00%,"123,941",$6,"$710,181","-$37,378"
Vitality Bowls,"128,640",19,41,16%,$18.40,24%,5.52%,2.11%,7,SMB,$4.42,30,12,5,17,7,55,80,B,"$568,074",26%,2.00%,"122,208",$5,"$584,643","$16,569"
Qdoba,"123,000",22,26,80%,$16.00,30%,8.64%,2.92%,25,Enterprise,$4.80,30,2,1,3,11,44,135,B,"$590,400",30%,0.00%,"116,850",$5,"$560,880","-$29,520"
Donato's Pizza,"121,680",19,33,100%,$19.10,26%,3.24%,3.13%,9,SMB,$4.97,30,10,1,11,12,53,91,B,"$604,263",28%,2.00%,"115,596",$5,"$618,207","$13,945"
Little Caesars,"121,128",22,84,90%,$16.10,30%,10.08%,2.98%,11,Enterprise,$4.83,30,8,1,9,11,50,105,B,"$585,048",30%,0.00%,"115,072",$5,"$555,796","-$29,252"
Jersey Mike's Subs,"120,960",21,24,6%,$19.70,30%,7.20%,1.12%,94,Enterprise,$5.91,30,0,12,12,22,63,45,A,"$714,874",30%,-0.50%,"133,056",$6,"$773,255","$58,381"
Yogis Grill,"120,684",198,276,20%,$22.20,28%,7.48%,3.03%,50,Enterprise,$6.22,29,0,1,1,24,55,77,B,"$750,172",30%,2.00%,"114,650",$7,"$763,568","$13,396"
MyRosati's Pizza,"116,280",24,31,1%,$26.70,25%,7.00%,1.17%,11,Enterprise,$6.68,29,8,11,20,27,76,5,S,"$776,169",23%,-2.00%,"139,536",$6,"$856,891","$80,722"
PDQ,"112,320",30,39,31%,$16.80,24%,6.24%,2.71%,8,Enterprise,$4.03,29,12,2,13,4,46,125,B,"$452,874",26%,2.00%,"106,704",$4,"$466,083","$13,209"
BBQ Chicken,"109,536",27,100,14%,$24.40,30%,5.28%,1.15%,4,Enterprise,$7.32,29,17,11,29,30,88,1,S,"$801,804",28%,-2.00%,"131,443",$7,"$898,020","$96,216"
Tropical Smoothie Cafe,"109,020",157,219,8%,$15.40,30%,4.20%,1.18%,5,Enterprise,$4.62,29,15,11,27,9,64,37,A,"$503,672",30%,-0.50%,"119,922",$5,"$544,806","$41,133"
Modern Market,"108,192",22,42,23%,$17.90,30%,6.12%,1.96%,4,Enterprise,$5.37,28,17,6,23,17,68,27,A,"$580,991",30%,-0.50%,"119,011",$5,"$628,439","$47,448"
Corner Bakery Cafe,"104,832",144,203,36%,$16.00,30%,3.24%,2.95%,6,Enterprise,$4.80,28,14,1,15,11,54,84,B,"$503,194",30%,0.00%,"99,590",$5,"$478,034","-$25,160"
Bonchon,"103,812",19,37,18%,$26.40,30%,5.16%,2.72%,7,SMB,$7.92,28,12,2,14,33,75,8,S,"$822,191",28%,-2.00%,"124,574",$7,"$920,854","$98,663"
Noches De Colombia,"101,676",18,82,59%,$25.00,30%,8.48%,1.96%,19,SMB,$7.50,28,4,6,9,31,68,26,A,"$762,570",30%,-0.50%,"111,844",$7,"$824,847","$62,277"
Dallas BBQ,"99,120",58,276,95%,$28.00,30%,1.80%,2.88%,6,Enterprise,$8.40,28,14,1,15,33,77,4,S,"$832,608",28%,-2.00%,"118,944",$8,"$932,521","$99,913"
Carvel,"96,696",23,34,99%,$14.50,30%,5.36%,2.00%,39,Enterprise,$4.35,28,1,5,6,7,40,147,B,"$420,628",30%,0.00%,"91,861",$4,"$399,596","-$21,031"
Franklin Restaurant Group,"94,392",47,78,47%,$17.60,29%,6.08%,2.68%,20,Enterprise,$5.10,27,4,2,5,14,47,123,B,"$481,777",30%,1.00%,"89,672",$5,"$473,470","-$8,306"
Moe's Southwest Grill,"89,832",18,82,29%,$18.50,30%,3.16%,2.38%,4,SMB,$5.55,27,17,3,20,19,67,29,A,"$498,568",30%,-0.50%,"98,815",$5,"$539,284","$40,716"
Tacos El Gavilan,"89,628",123,724,75%,$17.60,26%,1.12%,2.57%,8,Enterprise,$4.58,27,12,2,14,8,50,108,B,"$410,138",28%,2.00%,"85,147",$5,"$419,602","$9,465"
"Dickey's Barbecue Restaurants, Inc.","89,400",22,37,14%,$23.70,26%,3.12%,2.35%,4,Enterprise,$6.16,27,17,3,21,24,72,15,A,"$550,883",26%,-0.50%,"98,340",$6,"$594,318","$43,435"
Firehouse Subs,"88,608",26,30,55%,$15.60,30%,3.44%,2.44%,6,Enterprise,$4.68,27,14,3,17,10,53,89,B,"$414,685",30%,0.00%,"84,178",$5,"$393,951","-$20,734"
Sarpino's Pizzeria,"85,968",18,21,83%,$21.60,21%,3.24%,1.76%,5,SMB,$4.54,27,15,7,22,8,57,67,B,"$389,951",23%,2.00%,"81,670",$5,"$405,735","$15,784"
Captain D's Seafood Restaurant,"84,000",19,76,39%,$17.60,26%,12.20%,1.63%,41,SMB,$4.58,26,0,8,8,8,43,141,B,"$384,384",28%,2.00%,"79,800",$5,"$393,254","$8,870"
Manhattan Bagel,"83,808",18,26,62%,$14.20,29%,5.12%,1.65%,4,SMB,$4.12,26,17,7,25,5,56,72,B,"$345,121",30%,1.00%,"79,618",$4,"$339,171","-$5,950"
"Roti Modern Mediterranean, LLC","83,496",82,174,23%,$15.50,30%,4.88%,1.61%,6,Enterprise,$4.65,26,14,8,22,9,57,65,B,"$388,256",30%,0.00%,"79,321",$5,"$368,844","-$19,413"
Red Lobster,"82,716",33,60,9%,$33.60,26%,4.64%,1.57%,4,Enterprise,$8.74,26,17,8,25,34,85,2,S,"$722,607",24%,-2.00%,"99,259",$8,"$800,426","$77,819"
Fun Eats and Drinks,"78,336",17,24,50%,$26.00,25%,5.92%,1.98%,6,SMB,$6.50,26,14,5,19,26,71,17,A,"$509,184",25%,-0.50%,"86,170",$6,"$548,900","$39,716"
Fresh Kitchen,"77,112",19,119,79%,$19.20,11%,7.56%,2.61%,40,SMB,$2.11,26,1,2,3,0,28,186,C,"$162,861",14%,3.00%,"65,545",$3,"$176,185","$13,325"
Sombrero Mexican Food,"76,800",183,654,100%,$14.10,30%,7.84%,2.90%,10,Enterprise,$4.23,25,9,1,10,5,41,145,B,"$324,864",30%,0.00%,"72,960",$4,"$308,621","-$16,243"
Starbucks,"76,752",17,27,61%,$13.60,27%,9.52%,2.02%,21,SMB,$3.67,25,3,5,8,2,36,165,C,"$281,833",30%,3.00%,"65,239",$4,"$266,176","-$15,657"
T.G.I. Friday's,"76,632",17,49,23%,$27.20,29%,28.80%,2.37%,5,SMB,$7.89,25,15,3,19,32,76,6,S,"$604,473",27%,-2.00%,"91,958",$7,"$675,342","$70,869"
Smokey Bones Bar & Fire Grill,"76,464",30,67,62%,$28.00,30%,2.96%,1.26%,8,Enterprise,$8.40,25,12,11,23,33,81,3,S,"$642,298",28%,-2.00%,"91,757",$8,"$719,373","$77,076"
Taco Burrito King,"74,976",81,232,80%,$18.00,27%,4.08%,1.95%,3,Enterprise,$4.86,25,18,6,24,12,60,53,B,"$364,383",29%,2.00%,"71,227",$5,"$371,806","$7,423"
Bawarchi Biryani Point,"72,576",16,40,55%,$25.20,27%,7.80%,1.58%,11,SMB,$6.80,24,8,8,16,28,69,24,A,"$493,807",27%,-0.50%,"79,834",$7,"$533,129","$39,322"
Anthony's Coal Fired Pizza,"70,224",111,326,96%,$34.10,30%,7.16%,2.79%,8,Enterprise,$10.23,24,12,2,13,35,72,13,A,"$718,392",30%,-0.50%,"77,246",$10,"$777,060","$58,669"
Which Wich Superior Sandwiches,"69,960",27,75,36%,$14.70,28%,3.48%,1.63%,22,Enterprise,$4.12,24,3,8,11,5,40,150,B,"$287,955",30%,2.00%,"66,462",$4,"$293,097","$5,142"
Footprints Cafe,"67,944",13,36,9%,$24.70,29%,3.04%,1.87%,12,SMB,$7.16,24,7,6,13,30,67,30,A,"$486,683",29%,-0.50%,"74,738",$7,"$526,121","$39,438"
Krispy Krunchy Chicken,"67,596",21,51,28%,$19.20,30%,8.40%,1.26%,6,Enterprise,$5.76,24,14,11,25,21,70,19,A,"$389,353",30%,-0.50%,"74,356",$6,"$421,150","$31,797"
Fuddruckers,"65,832",17,25,100%,$19.10,29%,9.48%,2.29%,27,SMB,$5.54,24,2,4,6,19,48,113,B,"$364,643",30%,1.00%,"62,540",$6,"$358,356","-$6,287"
The Valls Group,"58,608",18,28,10%,$23.70,30%,8.24%,2.42%,13,SMB,$7.11,23,7,3,10,29,63,46,A,"$416,703",30%,-0.50%,"64,469",$7,"$450,734","$34,031"
"Checkers Drive-In Restaurants, Inc.,","58,536",12,15,38%,$14.20,27%,3.76%,2.65%,6,SMB,$3.83,23,14,2,16,3,42,144,B,"$224,427",29%,2.00%,"55,609",$4,"$228,999","$4,572"
Luna Grill,"58,320",30,49,29%,$25.30,24%,6.96%,2.59%,14,Enterprise,$6.07,23,6,2,9,24,56,73,B,"$354,119",26%,2.00%,"55,404",$7,"$364,448","$10,328"
Mellow Mushroom,"57,408",10,30,3%,$28.30,22%,2.80%,1.29%,16,SMB,$6.23,23,5,11,16,25,64,41,A,"$357,422",22%,-0.50%,"63,149",$6,"$384,229","$26,807"
WZ Franchise Corporation,"56,940",38,181,45%,$22.20,30%,2.56%,1.53%,6,Enterprise,$6.66,23,14,8,22,27,72,14,A,"$379,220",30%,-0.50%,"62,634",$7,"$410,190","$30,970"
Pokeworks,"56,544",18,86,38%,$18.90,27%,21.40%,1.38%,3,SMB,$5.10,23,18,10,28,14,64,38,A,"$288,544",27%,-0.50%,"62,198",$5,"$311,521","$22,977"
Miami Subs,"55,752",15,27,71%,$17.10,27%,4.64%,1.19%,13,SMB,$4.62,22,7,11,18,9,49,109,B,"$257,407",29%,2.00%,"52,964",$5,"$262,650","$5,243"
Moshi Moshi,"55,692",11,17,17%,$32.70,18%,5.96%,1.20%,5,SMB,$5.89,22,15,11,27,22,71,16,A,"$327,803",18%,-0.50%,"61,261",$6,"$350,567","$22,764"
Playa Bowls,"54,948",12,42,18%,$17.00,28%,0.00%,1.29%,3,SMB,$4.76,22,18,11,29,11,62,49,A,"$261,552",28%,-0.50%,"60,443",$5,"$282,570","$21,018"
Pinecrest Bakery,"53,436",33,37,39%,$16.30,28%,3.60%,1.15%,10,Enterprise,$4.56,22,9,12,21,8,51,101,B,"$243,882",30%,2.00%,"50,764",$5,"$248,237","$4,355"
Duchess Restaurant,"52,272",12,23,86%,$16.00,30%,13.44%,1.61%,3,SMB,$4.80,22,18,8,26,11,58,59,B,"$250,906",30%,0.00%,"49,658",$5,"$238,360","-$12,545"
Quickway,"52,212",12,15,100%,$17.20,30%,2.44%,2.36%,13,SMB,$5.16,21,7,3,10,15,47,121,B,"$269,414",30%,0.00%,"49,601",$5,"$255,943","-$13,471"
L&L Hawaiian BBQ,"51,840",14,52,77%,$18.80,24%,6.44%,2.06%,28,SMB,$4.51,21,2,5,7,8,36,164,C,"$233,902",27%,3.00%,"44,064",$5,"$223,669","-$10,233"
Pieology Pizzeria,"48,972",101,673,16%,$17.30,27%,7.08%,1.42%,8,Enterprise,$4.67,21,12,10,21,10,52,96,B,"$228,748",29%,2.00%,"46,523",$5,"$233,408","$4,660"
Noodles & Company,"47,208",9,11,99%,$18.60,29%,6.68%,2.25%,3,SMB,$5.39,21,18,4,22,17,60,54,B,"$254,640",30%,1.00%,"44,848",$6,"$250,250","-$4,390"
4 Rivers Smokehouse,"46,728",29,41,8%,$25.20,30%,11.72%,2.23%,16,Enterprise,$7.56,21,5,4,9,32,62,48,A,"$353,264",30%,-0.50%,"51,401",$7,"$382,114","$28,850"
Red Robin,"46,440",12,63,100%,$23.60,29%,14.20%,1.79%,5,SMB,$6.84,21,15,6,22,28,71,18,A,"$317,835",29%,-0.50%,"51,084",$7,"$343,591","$25,756"
Hopdoddy Burger Bar,"45,864",9,41,17%,$23.60,30%,12.24%,1.64%,15,SMB,$7.08,20,5,8,13,29,62,47,A,"$324,717",30%,-0.50%,"50,450",$7,"$351,236","$26,519"
Sonny's BBQ,"44,988",15,29,81%,$25.60,30%,3.96%,1.48%,8,SMB,$7.68,20,12,9,20,32,73,11,A,"$345,508",30%,-0.50%,"49,487",$8,"$373,724","$28,216"
Unilever dba The Ice Cream Shop,"44,352",9,50,87%,$13.40,29%,7.64%,1.63%,26,SMB,$3.89,20,2,8,10,3,33,176,C,"$172,352",30%,1.00%,"37,699",$4,"$151,551","-$20,801"
Wayback Burgers,"44,304",9,14,38%,$18.50,29%,5.20%,1.41%,8,SMB,$5.37,20,12,10,21,17,58,62,B,"$237,691",30%,1.00%,"42,089",$6,"$233,593","-$4,098"
Jack in the Box,"44,016",9,13,30%,$13.10,30%,3.12%,1.52%,8,SMB,$3.93,20,12,8,20,3,43,139,B,"$172,983",30%,0.00%,"41,815",$4,"$164,334","-$8,649"
WingHouse Bar & Grill,"43,524",18,27,64%,$28.00,25%,7.00%,2.62%,37,SMB,$7.00,20,1,2,3,28,51,99,B,"$304,668",27%,2.00%,"41,348",$8,"$312,589","$7,921"
On The Border,"43,452",76,149,51%,$26.30,27%,5.24%,1.51%,8,Enterprise,$7.10,19,12,9,20,29,69,25,A,"$308,553",27%,-0.50%,"47,797",$7,"$333,123","$24,570"
"Veggie Grill, Inc.","43,200",12,16,46%,$23.10,22%,11.56%,2.80%,8,SMB,$5.08,19,12,2,13,13,46,132,B,"$219,542",24%,2.00%,"41,040",$6,"$227,526","$7,983"
Lime Fresh Mexican Grill,"42,900",9,60,22%,$18.80,27%,1.60%,1.88%,7,SMB,$5.08,19,12,6,18,13,50,106,B,"$217,760",29%,2.00%,"40,755",$5,"$222,196","$4,436"
Taco Mac,"42,780",17,41,46%,$23.50,30%,3.88%,2.61%,10,SMB,$7.05,19,9,2,11,29,59,57,B,"$301,599",30%,0.00%,"40,641",$7,"$286,519","-$15,080"
P.F. Chang's China Bistro,"40,800",14,15,71%,$33.70,27%,4.04%,2.76%,5,SMB,$9.10,19,15,2,17,34,70,20,A,"$371,239",27%,-0.50%,"44,880",$9,"$400,801","$29,562"
Ike's Love & Sandwiches,"39,648",9,75,71%,$19.20,30%,9.28%,1.95%,10,SMB,$5.76,18,9,6,15,21,55,80,B,"$228,372",30%,0.00%,"37,666",$6,"$216,954","-$11,419"
Subway,"39,300",17,32,94%,$13.60,30%,12.48%,2.64%,6,SMB,$4.08,18,14,2,16,4,39,153,C,"$160,344",30%,0.00%,"33,405",$4,"$136,292","-$24,052"
America's Best Wings,"39,060",18,42,23%,$20.00,15%,8.28%,1.59%,14,SMB,$3.00,18,6,8,15,1,33,173,C,"$117,180",18%,3.00%,"33,201",$4,"$119,524","$2,344"
American Deli,"39,000",8,66,36%,$18.10,30%,5.40%,2.45%,16,SMB,$5.43,18,5,3,8,18,44,137,B,"$211,770",30%,0.00%,"37,050",$5,"$201,182","-$10,589"
Dairy Queen,"38,880",10,22,13%,$16.20,27%,3.84%,1.69%,32,SMB,$4.37,18,1,7,8,7,33,174,C,"$170,061",30%,3.00%,"33,048",$5,"$160,613","-$9,448"
Teriyaki Madness,"38,544",14,15,24%,$18.40,30%,4.72%,1.63%,17,SMB,$5.52,18,5,8,12,19,49,110,B,"$212,763",30%,0.00%,"36,617",$6,"$202,125","-$10,638"
Burger King,"37,920",13,57,87%,$14.40,30%,6.44%,2.81%,11,SMB,$4.32,17,8,2,10,6,33,175,C,"$163,814",30%,0.00%,"32,232",$4,"$139,242","-$24,572"
Boston Market,"37,500",17,45,5%,$19.10,30%,3.72%,1.73%,16,SMB,$5.73,17,5,7,12,21,50,104,B,"$214,875",30%,0.00%,"35,625",$6,"$204,131","-$10,744"
"Norms Restaurant’s, LLC","37,440",8,17,48%,$19.70,30%,4.64%,1.78%,14,SMB,$5.91,17,6,6,13,22,52,94,B,"$221,270",30%,0.00%,"35,568",$6,"$210,207","-$11,064"
Garden Catering,"37,248",10,33,41%,$18.00,30%,7.24%,1.77%,4,SMB,$5.40,17,17,7,24,17,58,64,B,"$201,139",30%,0.00%,"35,386",$5,"$191,082","-$10,057"
Panda Express,"37,128",8,35,87%,$16.40,27%,7.76%,2.41%,10,SMB,$4.43,17,9,3,12,7,36,159,C,"$164,403",30%,3.00%,"31,559",$5,"$155,269","-$9,133"
Charleys Philly Steaks,"36,864",10,23,54%,$17.30,25%,5.64%,2.32%,17,SMB,$4.33,17,5,4,8,6,31,182,C,"$159,437",28%,3.00%,"31,334",$5,"$151,784","-$7,653"
Shark's Fish & Chicken,"35,568",8,40,62%,$17.40,30%,5.44%,2.24%,9,SMB,$5.22,16,10,4,14,15,46,127,B,"$185,665",30%,0.00%,"33,790",$5,"$176,382","-$9,283"
Golden Chick,"34,788",8,17,72%,$13.70,26%,1.28%,2.05%,9,SMB,$3.56,16,10,5,15,1,33,177,C,"$123,915",29%,3.00%,"29,570",$4,"$117,481","-$6,434"
Arby's,"34,200",9,13,70%,$21.80,25%,3.48%,2.01%,7,SMB,$5.45,16,12,5,17,18,52,98,B,"$186,390",27%,2.00%,"32,490",$6,"$191,236","$4,846"
Uno Pizzeria & Grill,"34,068",11,110,13%,$28.60,29%,6.36%,2.23%,22,SMB,$8.29,16,3,4,7,33,56,68,B,"$282,560",30%,1.00%,"32,365",$9,"$277,688","-$4,872"
Wienerschnitzel,"33,984",8,11,50%,$14.40,29%,3.16%,2.62%,6,SMB,$4.18,16,14,2,16,5,37,156,C,"$141,917",30%,1.00%,"28,886",$4,"$124,789","-$17,128"
"Perkins & Marie Callender's, LLC.","33,960",7,54,23%,$20.40,30%,6.60%,2.31%,13,SMB,$6.12,15,7,4,11,24,50,103,B,"$207,835",30%,0.00%,"32,262",$6,"$197,443","-$10,392"
Pick Up Stix,"33,408",22,42,66%,$22.50,29%,7.56%,2.50%,19,Enterprise,$6.53,15,4,2,6,26,48,115,B,"$217,987",30%,1.00%,"31,738",$7,"$214,229","-$3,758"
Black Walnut Cafe,"33,060",12,14,43%,$22.10,30%,2.68%,1.41%,6,SMB,$6.63,15,14,10,24,27,66,33,A,"$219,188",30%,-0.50%,"36,366",$7,"$237,088","$17,900"
WaWa,"33,000",14,67,22%,$12.30,30%,26.68%,1.37%,4,SMB,$3.69,15,17,10,27,2,44,134,B,"$121,770",30%,0.00%,"31,350",$4,"$115,682","-$6,089"
McAlister's Deli,"32,940",9,10,33%,$17.70,30%,5.44%,2.19%,12,SMB,$5.31,15,7,5,12,16,43,142,B,"$174,911",30%,0.00%,"31,293",$5,"$166,166","-$8,746"
WaBa Grill Franchise Corp.,"32,292",7,8,69%,$17.10,24%,7.52%,1.68%,9,SMB,$4.10,15,10,7,17,4,36,158,C,"$132,526",27%,3.00%,"27,448",$5,"$126,728","-$5,798"
BURGERIM,"32,280",7,14,57%,$24.10,30%,5.36%,2.33%,18,SMB,$7.23,14,4,3,7,30,52,97,B,"$233,384",30%,0.00%,"30,666",$7,"$221,715","-$11,669"
"Nation's Foodservice, Inc.","31,416",10,24,17%,$20.80,30%,2.80%,1.44%,14,SMB,$6.24,14,6,9,16,25,55,79,B,"$196,036",30%,0.00%,"29,845",$6,"$186,234","-$9,802"
Bru’s Room Sports Grill,"31,320",7,11,72%,$27.80,26%,5.76%,1.39%,5,SMB,$7.23,14,15,10,26,30,69,22,A,"$226,381",26%,-0.50%,"34,452",$7,"$244,230","$17,849"
Velvet Taco,"31,104",10,13,100%,$18.50,30%,4.96%,1.43%,17,SMB,$5.55,14,5,10,14,19,47,118,B,"$172,627",30%,0.00%,"29,549",$6,"$163,996","-$8,631"
Hooters,"30,756",8,9,1%,$27.80,28%,2.64%,1.72%,6,SMB,$7.78,14,14,7,21,32,67,28,A,"$239,405",28%,-0.50%,"33,832",$8,"$258,643","$19,238"
The Original Brooklyn Water Bagel Co.,"30,744",9,12,14%,$18.60,30%,1.00%,1.32%,4,SMB,$5.58,14,17,11,28,20,61,51,B,"$171,552",30%,0.00%,"29,207",$6,"$162,974","-$8,578"
KFC,"28,908",8,31,16%,$18.90,27%,3.00%,1.35%,9,SMB,$5.10,13,10,11,21,14,48,116,B,"$147,518",29%,2.00%,"27,463",$5,"$150,523","$3,005"
DICED,"28,896",9,69,29%,$21.20,29%,4.32%,1.97%,8,SMB,$6.15,13,12,5,17,24,54,83,B,"$177,653",30%,1.00%,"27,451",$6,"$174,590","-$3,063"
Buffalo Wild Wings,"28,620",9,25,47%,$27.30,27%,9.96%,2.16%,19,SMB,$7.37,13,4,5,9,31,52,93,B,"$210,958",29%,2.00%,"27,189",$8,"$215,255","$4,297"
Famous Dave's Barbeque,"28,512",8,10,50%,$32.20,30%,2.84%,2.19%,6,SMB,$9.66,13,14,4,18,35,66,32,A,"$275,426",30%,-0.50%,"31,363",$9,"$297,919","$22,493"
Bareburger,"28,080",11,24,6%,$29.90,30%,8.80%,1.74%,29,SMB,$8.97,12,1,7,8,34,55,76,B,"$251,878",30%,0.00%,"26,676",$9,"$239,284","-$12,594"
Cold Stone Creamery,"28,080",7,26,21%,$15.40,30%,2.72%,1.87%,11,SMB,$4.62,12,8,6,14,9,36,166,C,"$129,730",30%,0.00%,"23,868",$5,"$110,270","-$19,459"
Salem's Fresh Eats,"27,984",14,18,28%,$17.80,28%,5.44%,2.32%,11,SMB,$4.98,12,8,4,12,12,37,157,C,"$139,472",30%,2.00%,"23,786",$5,"$127,019","-$12,453"
Olive Garden,"27,840",6,55,58%,$28.30,23%,10.64%,1.61%,36,SMB,$6.51,12,1,8,9,26,47,122,B,"$181,211",25%,2.00%,"26,448",$7,"$187,120","$5,909"
Gator's Dockside,"27,648",6,19,67%,$26.90,30%,9.68%,1.45%,44,SMB,$8.07,12,0,9,9,33,54,86,B,"$223,119",30%,0.00%,"26,266",$8,"$211,963","-$11,156"
Tender Greens,"27,432",7,18,45%,$25.00,30%,12.56%,1.43%,22,SMB,$7.50,12,3,9,12,31,55,75,B,"$205,740",30%,0.00%,"26,060",$8,"$195,453","-$10,287"
Zaxby's,"27,300",8,44,5%,$16.20,28%,2.12%,2.16%,5,SMB,$4.54,12,15,5,20,8,40,149,B,"$123,833",30%,2.00%,"25,935",$5,"$126,044","$2,211"
"RAM International I, LLC","27,216",8,15,54%,$27.90,29%,5.56%,1.67%,10,SMB,$8.09,11,9,7,16,33,61,52,B,"$220,205",30%,1.00%,"25,855",$8,"$216,408","-$3,797"
The Halal Guys Inc.,"26,352",8,38,35%,$18.90,29%,5.84%,2.11%,9,SMB,$5.48,11,10,5,15,19,45,133,B,"$144,435",30%,1.00%,"25,034",$6,"$141,945","-$2,490"
Bento Cafe,"26,160",7,16,93%,$22.20,30%,8.20%,1.48%,8,SMB,$6.66,11,12,9,20,27,59,58,B,"$174,226",30%,0.00%,"24,852",$7,"$165,514","-$8,711"
Huey Magoos,"26,052",8,9,19%,$17.30,28%,20.52%,2.22%,7,SMB,$4.84,11,12,4,17,12,39,151,C,"$126,196",30%,2.00%,"22,144",$5,"$114,928","-$11,267"
Marco's Pizza,"25,872",8,10,30%,$19.50,28%,4.64%,1.43%,13,SMB,$5.46,11,7,10,17,18,46,131,B,"$141,261",30%,2.00%,"24,578",$6,"$143,784","$2,523"
Kelly's Roast Beef Inc.- Boston,"25,380",7,23,97%,$21.10,30%,3.60%,1.84%,4,SMB,$6.33,11,17,6,23,25,59,56,B,"$160,655",30%,0.00%,"24,111",$6,"$152,623","-$8,033"
Outback Steakhouse,"24,768",8,11,84%,$36.30,29%,0.00%,3.10%,3,SMB,$10.53,10,18,1,19,35,64,39,A,"$260,733",29%,-0.50%,"27,245",$10,"$281,861","$21,128"
Chick-fil-A,"24,420",8,40,55%,$14.90,23%,2.12%,3.47%,14,SMB,$3.43,10,6,0,6,1,18,198,C,"$83,687",26%,3.00%,"20,757",$4,"$80,413","-$3,275"
Hattie B's,"23,616",16,20,35%,$19.40,30%,4.32%,1.37%,8,SMB,$5.82,10,12,10,22,22,54,88,B,"$137,445",30%,0.00%,"22,435",$6,"$130,573","-$6,872"
Church's Chicken,"21,708",7,9,37%,$16.40,27%,3.92%,3.08%,12,SMB,$4.43,10,7,1,8,7,25,192,C,"$96,123",30%,3.00%,"18,452",$5,"$90,783","-$5,340"
"Muscle Maker Brands, LLC","21,600",8,13,77%,$18.10,29%,5.64%,1.72%,9,SMB,$5.25,10,10,7,17,16,42,143,B,"$113,378",30%,1.00%,"20,520",$5,"$111,424","-$1,955"
Haagen Dazs Shop,"20,880",8,80,56%,$15.80,30%,8.96%,0.98%,11,SMB,$4.74,9,8,12,20,10,40,148,B,"$98,971",30%,0.00%,"19,836",$5,"$94,023","-$4,949"
"by Chloe, part of ESquared","20,808",10,11,76%,$20.10,25%,5.24%,3.44%,10,SMB,$5.03,9,9,0,9,13,31,180,C,"$104,560",28%,3.00%,"17,687",$6,"$99,541","-$5,019"
Pita Jungle,"20,448",8,10,3%,$26.40,25%,5.32%,1.78%,34,SMB,$6.60,9,1,6,7,26,43,140,B,"$134,957",27%,2.00%,"19,426",$7,"$138,466","$3,509"
FIC Restaurants LLC.,"19,872",14,16,88%,$20.90,29%,5.92%,1.42%,16,SMB,$6.06,9,5,10,15,24,47,120,B,"$120,444",30%,1.00%,"18,878",$6,"$118,368","-$2,077"
Native Grill & Wings,"19,824",6,7,30%,$23.70,27%,7.40%,1.96%,4,SMB,$6.40,9,17,5,23,25,57,66,B,"$126,854",29%,2.00%,"18,833",$7,"$129,438","$2,584"
Pizza Boli's,"19,488",9,12,30%,$20.00,30%,14.60%,1.38%,6,SMB,$6.00,9,14,10,24,23,56,71,B,"$116,928",30%,0.00%,"18,514",$6,"$111,082","-$5,846"
Dos Toros,"19,008",10,13,100%,$18.00,18%,1.84%,1.75%,7,SMB,$3.24,8,12,7,19,1,28,187,C,"$61,586",21%,3.00%,"16,157",$4,"$61,073",-$513
Poke Bar,"19,008",7,19,38%,$18.40,28%,31.32%,1.65%,5,SMB,$5.15,8,15,7,23,15,46,129,B,"$97,929",30%,2.00%,"18,058",$6,"$99,678","$1,749"
Houlihan's,"18,816",6,13,31%,$32.40,29%,3.88%,1.84%,10,SMB,$9.40,8,9,6,15,34,58,63,B,"$176,795",30%,1.00%,"17,875",$10,"$173,747","-$3,048"
Denny's,"18,240",13,27,68%,$19.50,30%,3.44%,1.76%,4,SMB,$5.85,8,17,7,24,22,53,90,B,"$106,704",30%,0.00%,"17,328",$6,"$101,369","-$5,335"
The Original Pancake House,"18,000",13,19,93%,$22.50,30%,5.44%,1.80%,6,SMB,$6.75,8,14,6,20,28,56,69,B,"$121,500",30%,0.00%,"17,100",$7,"$115,425","-$6,075"
Schlotzsky's,"17,712",7,20,87%,$19.00,23%,5.92%,0.98%,11,SMB,$4.37,8,8,12,20,7,34,171,C,"$77,401",26%,3.00%,"15,055",$5,"$74,373","-$3,029"
Jet’s America,"17,280",6,11,82%,$22.30,27%,4.40%,2.99%,32,SMB,$6.02,7,1,1,2,23,33,178,C,"$104,043",30%,3.00%,"14,688",$7,"$98,263","-$5,780"
Texas Chicken & Burgers,"17,172",7,54,51%,$18.00,30%,4.64%,2.86%,15,SMB,$5.40,7,5,1,7,17,31,181,C,"$92,729",30%,0.00%,"14,596",$5,"$78,819","-$13,909"
&pizza,"16,440",7,9,7%,$16.70,30%,5.20%,2.88%,25,SMB,$5.01,7,2,1,4,13,23,195,C,"$82,364",30%,0.00%,"13,974",$5,"$70,010","-$12,355"
Pura Vida Parent,"16,320",6,15,67%,$24.60,30%,7.36%,1.03%,17,SMB,$7.38,7,5,12,16,31,54,85,B,"$120,442",30%,0.00%,"15,504",$7,"$114,420","-$6,022"
Campero USA Corp.,"16,224",6,23,51%,$20.00,28%,2.84%,2.89%,14,SMB,$5.60,7,6,1,8,20,34,170,C,"$90,854",30%,2.00%,"13,790",$6,"$82,742","-$8,112"
"Golden Krust Franchising, Inc.","15,120",8,29,20%,$17.10,30%,8.32%,1.42%,3,SMB,$5.13,7,18,10,28,14,49,112,B,"$77,566",30%,0.00%,"14,364",$5,"$73,687","-$3,878"
Taqueria Los Comales,"14,904",7,23,31%,$17.50,30%,2.52%,2.35%,3,SMB,$5.25,6,18,3,21,16,44,138,B,"$78,246",30%,0.00%,"14,159",$5,"$74,334","-$3,912"
Crown Fried Chicken,"14,784",14,43,23%,$14.90,26%,0.00%,1.68%,4,SMB,$3.87,6,17,7,24,3,33,172,C,"$57,273",29%,3.00%,"12,566",$4,"$54,299","-$2,974"
Krystal,"14,520",6,12,68%,$19.80,30%,5.92%,1.87%,8,SMB,$5.94,6,12,6,18,23,46,126,B,"$86,249",30%,0.00%,"13,794",$6,"$81,936","-$4,312"
Applebee's,"14,364",6,7,6%,$26.90,30%,5.08%,2.17%,15,SMB,$8.07,6,5,5,10,33,49,111,B,"$115,917",30%,0.00%,"13,646",$8,"$110,122","-$5,796"
Hungry Howie's Pizza,"14,256",8,19,87%,$18.60,30%,12.52%,2.41%,5,SMB,$5.58,6,15,3,18,20,44,136,B,"$79,548",30%,0.00%,"13,543",$6,"$75,571","-$3,977"
Filibertos Mexican Food,"14,112",6,27,42%,$15.80,30%,3.92%,2.44%,14,SMB,$4.74,5,6,3,9,10,25,193,C,"$66,891",30%,0.00%,"11,995",$5,"$56,857","-$10,034"
Chicken Express,"13,776",9,19,52%,$16.70,29%,3.28%,1.01%,22,SMB,$4.84,5,3,12,15,12,32,179,C,"$66,717",30%,1.00%,"11,710",$5,"$58,665","-$8,052"
Carrot Express,"12,672",8,19,63%,$23.40,30%,4.92%,0.98%,9,SMB,$7.02,5,10,12,22,29,56,70,B,"$88,957",30%,0.00%,"12,038",$7,"$84,510","-$4,448"
Jamba Juice,"11,748",7,16,34%,$14.90,26%,0.00%,2.09%,4,SMB,$3.87,5,17,5,22,3,30,185,C,"$45,512",29%,3.00%,"9,986",$4,"$43,149","-$2,363"
Hurricane Grill & Wings,"11,664",11,69,67%,$25.10,30%,4.40%,2.44%,13,SMB,$7.53,5,7,3,10,31,46,128,B,"$87,830",30%,0.00%,"11,081",$8,"$83,438","-$4,391"
Harold's Chicken Shack,"11,460",6,26,100%,$14.40,24%,4.08%,1.40%,26,SMB,$3.46,5,2,10,12,1,18,197,C,"$39,606",27%,3.00%,"9,741",$4,"$37,873","-$1,733"
Wingstop,"11,424",10,11,58%,$18.90,28%,8.12%,1.96%,9,SMB,$5.29,4,10,5,16,16,36,160,C,"$60,456",30%,2.00%,"9,710",$6,"$55,058","-$5,398"
White Castle,"11,400",6,17,98%,$14.40,30%,2.76%,1.49%,8,SMB,$4.32,4,12,9,20,6,30,184,C,"$49,248",30%,0.00%,"9,690",$4,"$41,861","-$7,387"
Toppers Pizza Inc.,"10,248",6,13,92%,$20.80,26%,6.76%,1.05%,23,SMB,$5.41,4,3,12,14,18,36,163,C,"$55,421",29%,3.00%,"8,711",$6,"$52,544","-$2,878"
Capriotti's Sandwich Shop,"10,140",6,10,73%,$20.20,30%,4.76%,2.33%,17,SMB,$6.06,4,5,4,8,23,35,167,C,"$61,448",30%,0.00%,"8,619",$6,"$52,231","-$9,217"
Rubio's Restaurants,"10,008",6,50,5%,$18.30,30%,5.32%,1.55%,5,SMB,$5.49,4,15,8,24,19,46,124,B,"$54,944",30%,0.00%,"9,508",$5,"$52,197","-$2,747"
Krispy Kreme,"9,408",6,7,29%,$18.90,30%,4.40%,1.49%,22,SMB,$5.67,4,3,9,12,21,36,161,C,"$53,343",30%,0.00%,"7,997",$6,"$45,342","-$8,002"
Kennedy Fried Chicken,"8,880",7,11,72%,$15.70,30%,7.32%,1.35%,4,SMB,$4.71,3,17,11,28,10,41,146,B,"$41,825",30%,0.00%,"8,436",$5,"$39,734","-$2,091"
"El Pollo Loco, Inc.","8,256",6,8,31%,$17.50,30%,7.08%,1.65%,11,SMB,$5.25,3,8,7,16,16,35,169,C,"$43,344",30%,0.00%,"7,018",$5,"$36,842","-$6,502"
Farmer Boys,"8,148",6,8,33%,$17.20,30%,4.32%,1.75%,30,SMB,$5.16,3,1,7,8,15,26,191,C,"$42,044",30%,0.00%,"6,926",$5,"$35,737","-$6,307"
Kung Fu Tea,"8,064",6,33,84%,$11.70,24%,1.64%,1.43%,8,SMB,$2.81,3,12,9,21,0,24,194,C,"$22,644",27%,3.00%,"6,854",$3,"$21,653",-$991
Bolay,"7,980",6,33,99%,$20.80,27%,3.12%,1.30%,4,SMB,$5.62,3,17,11,28,20,51,100,B,"$44,816",29%,2.00%,"7,581",$6,"$45,729",$913
ZaLat Inc.,"7,584",6,9,12%,$25.00,30%,9.92%,1.43%,17,SMB,$7.50,2,5,9,14,31,47,119,B,"$56,880",30%,0.00%,"7,205",$8,"$54,036","-$2,844"
Taco Bueno Restaurants,"7,560",3,6,24%,$14.00,27%,4.56%,1.04%,6,SMB,$3.78,2,14,12,26,2,30,183,C,"$28,577",30%,3.00%,"6,426",$4,"$26,989","-$1,588"
Fuzzy's Taco Shop,"7,440",7,9,36%,$17.60,29%,3.20%,2.47%,22,SMB,$5.10,2,3,3,6,14,22,196,C,"$37,974",30%,1.00%,"6,324",$5,"$33,391","-$4,583"
Sonic,"7,128",7,8,86%,$14.20,30%,3.84%,2.28%,21,SMB,$4.26,2,3,4,7,6,15,200,C,"$30,365",30%,0.00%,"6,059",$4,"$25,810","-$4,555"
"Fat Shack America, LLC","7,128",7,20,69%,$18.70,30%,3.60%,1.35%,16,SMB,$5.61,2,5,11,16,20,38,155,C,"$39,988",30%,0.00%,"6,059",$6,"$33,990","-$5,998"
IHOP,"6,840",7,16,84%,$20.40,29%,5.72%,1.51%,14,SMB,$5.92,2,6,9,15,23,39,152,C,"$40,465",30%,1.00%,"5,814",$6,"$35,582","-$4,884"
Steak 'n Shake,"6,732",7,13,82%,$15.00,25%,8.80%,1.92%,4,SMB,$3.75,1,17,6,23,2,27,189,C,"$25,245",28%,3.00%,"5,722",$4,"$24,033","-$1,212"
Ciccio Restaurant Group,"6,432",6,32,1%,$25.00,16%,5.48%,1.44%,6,SMB,$4.00,1,14,9,23,4,28,188,C,"$25,728",19%,3.00%,"5,467",$5,"$25,969",$241
Robertos Taco Shop,"6,240",7,28,85%,$16.30,25%,4.80%,1.45%,26,SMB,$4.08,1,2,9,11,4,16,199,C,"$25,428",28%,3.00%,"5,304",$5,"$24,207","-$1,221"
BurgerFi,"5,376",6,26,32%,$22.00,30%,7.16%,1.25%,10,SMB,$6.60,1,9,11,20,26,47,117,B,"$35,482",30%,0.00%,"5,107",$7,"$33,708","-$1,774"
Chicken Kitchen,"4,536",6,55,9%,$16.40,30%,0.48%,1.44%,6,SMB,$4.92,1,14,9,23,12,36,162,C,"$22,317",30%,0.00%,"3,856",$5,"$18,970","-$3,348"
Papa Murphy's,"4,032",6,9,90%,$20.90,30%,9.20%,1.37%,25,SMB,$6.27,1,2,10,13,25,38,154,C,"$25,281",30%,0.00%,"3,427",$6,"$21,489","-$3,792"
Latin Cafe 2000,"3,264",6,41,12%,$21.60,26%,8.08%,1.63%,14,SMB,$5.62,0,6,8,14,20,35,168,C,"$18,331",29%,3.00%,"2,774",$6,"$17,379",-$952
Tijuana Flats Restaurants LLC,"3,240",6,7,2%,$18.30,16%,10.88%,1.37%,5,SMB,$2.93,0,15,10,26,0,26,190,C,"$9,487",19%,3.00%,"2,754",$3,"$9,576",$89
Chickie's & Pete's,"2,592",6,38,39%,$28.30,26%,9.20%,1.30%,6,SMB,$7.36,0,14,11,25,30,55,74,B,"$19,072",28%,2.00%,"2,462",$8,"$19,512",$440